4meChat,jsbach@verizon.net,Полина,Любимкова,Q123456_789@1
Chasead,dsugal@yahoo.ca,Виктория,Побеляева,Q123456_789@2
Conntena,lbecchi@icloud.com,Милана,Родинкова,Q123456_789@3
DressyThebest,hauma@att.net,Глеб,Жеглов,Q123456_789@4
Eureenpo,fmerges@me.com,Алёна,Макаронова,Q123456_789@5
Felopeck,crusader@icloud.com,Павел,Смирняев,Q123456_789@6
ForShin,pjacklam@optonline.net,Виктория,Распопова,Q123456_789@7
FunkJewel,horrocks@att.net,Клариса,Артамонова,Q123456_789@8
Grindermaga,oevans@yahoo.ca,Валерия,Леонтьева,Q123456_789@9
Hyolenes,bastian@msn.com,Вячеслав,Семионов,Q123456_789@11
IteMessage,dkeeler@mac.com,Мирон,Богомазов,Q123456_789@12
Jiders,aprakash@comcast.net,Кирилл,Дроздовников,Q123456_789@13
Junkinte,gommix@verizon.net,Иван,д`Амарьин,Q123456_789@14
KiddoGurly,rupak@live.com,Игорь,Засахаров,Q123456_789@15
LogicPerson,druschel@hotmail.com,Тихон,Запечкин,Q123456_789@16
Loldney,mastinfo@optonline.net,Айлин,Майлин,Q123456_789@17
Lovenna,yangyan@mac.com,Мария,Затуманова,Q123456_789@18
LummoCozy,ahmad@me.com,Вероника,Блинчикова,Q123456_789@19
Poster,bester@mac.com,Арсений,Абрамцев,Q123456_789@21
Precisma,sakusha@comcast.net,Андрей,Подполковник,Q123456_789@22